{
  "header": [
    {
      "name": "Home",
      "path": "#home"
    },
    {
      "name": "About",
      "path": "#about"
    },
    {
      "name": "Features",
      "path": "#features"
    },
    {
      "name": "Testimonials",
      "path": "#testimonials"
    },
    {
      "name": "Telegram Bot",
      "path": "https://t.me/NeuroAITradingBot?start=0d06c9"
    }
  ],
  "footer1": [
    {
      "name": "Home",
      "path": "#home"
    },
    {
      "name": "About",
      "path": "#about"
    },
    {
      "name": "Features",
      "path": "#features"
    },
    {
      "name": "Testimonials",
      "path": "#testimonials"
    },
    {
      "name": "Telegram Bot",
      "path": "https://t.me/NeuroAITradingBot?start=0d06c9"
    }
  ],
  "footer2": [
    {
      "name": "Home",
      "path": "#home"
    },
    {
      "name": "About",
      "path": "#about"
    },
    {
      "name": "Features",
      "path": "#features"
    },
    {
      "name": "Testimonials",
      "path": "#testimonials"
    },
    {
      "name": "Telegram Bot",
      "path": "https://t.me/NeuroAITradingBot?start=0d06c9"
    }
  ],
  "footer3": [
    {
      "name": "Home",
      "path": "#home"
    },
    {
      "name": "About",
      "path": "#about"
    },
    {
      "name": "Features",
      "path": "#features"
    },
    {
      "name": "Testimonials",
      "path": "#testimonials"
    },
    {
      "name": "Telegram Bot",
      "path": "https://t.me/NeuroAITradingBot?start=0d06c9"
    }
  ]
}
