{
  "metadata": {
    "meta_author": "Wealcoder",
    "meta_image": "",
    "meta_description": "NeuroBot Landing Page"
  },

  "site_info": {
    "title": "NeuroBot",
    "description": "The Ultimate Solana Trading Bot powered by AI Agent designed for speed, efficiency, and maximum rewards.",
    "base_url": "",
    "logo": "",
    "logo_light": "/assets/imgs/logo/logo-light.png",
    "logo_icon": "",
    "logo_width": 115,
    "logo_height": 32,
    "logo_text": "NeuroBot"
  },

  "footer_info": {
    "address": {
      "name": "6541, Brand tower, New York, USA",
      "link": "https://maps.app.goo.gl/JNHvEqWiaBD6fZvUA",
      "iframe_src": "https://www.google.com/maps/embed?pb=!1m18!1m12!1m3!1d193595.25280006535!2d-74.14448744699548!3d40.69763123333062!2m3!1f0!2f0!3f0!3m2!1i1024!2i768!4f13.1!3m3!1m2!1s0x89c24fa5d33f083b%3A0xc80b8f06e177fe62!2sNew%20York%2C%20NY%2C%20USA!5e0!3m2!1sen!2sbd!4v1705913587617!5m2!1sen!2sbd"
    },
    "email": "info@example.com",
    "mobile": "+(08) 365 301 710",
    "open_date": "Sun - Mon",
    "open_time": "8:30 am - 7:30 pm",
    "copyright": {
      "enable": true,
      "label": "© Alrights reserved by",
      "company": "Wealcoder",
      "link": "https://wealcoder.com/"
    }
  },

  "social": [
    {
      "name": "Tw",
      "link": "https://twitter.com/",
      "value": "750,000"
    }
  ]
}
